{
  "dataset": "ciciot",
  "threshold": 0.0032724603079259396,
  "n_normal_windows": 237,
  "n_attack_windows": 237,
  "auc_roc": 1.0,
  "accuracy": 1.0,
  "precision": 1.0,
  "recall": 1.0,
  "f1": 1.0,
  "confusion_matrix": {
    "TP": 237,
    "FP": 0,
    "TN": 237,
    "FN": 0
  },
  "error_samples": {
    "normal": [
      0.0007038166513666511,
      0.0008682681946083903,
      0.0006806961027905345,
      0.0007394910207949579,
      0.0007606464787386358,
      0.0006484257173724473,
      0.0008296553860418499,
      0.0009193684672936797,
      0.000772102561313659,
      0.0008774626767262816,
      0.0006981067126616836,
      0.0008087368914857507,
      0.000902267755009234,
      0.0009199759224429727,
      0.0007799450540915132,
      0.000787119846791029,
      0.0007022937061265111,
      0.0007994298939593136,
      0.0009265586850233376,
      0.0010131363524124026,
      0.0008647802169434726,
      0.000876390840858221,
      0.001797169796191156,
      0.0017585677560418844,
      0.0018705955008044839,
      0.0017839160282164812,
      0.0018082276219502091,
      0.0019361693412065506,
      0.0018409404437988997,
      0.0018457144033163786,
      0.0019561699591577053,
      0.0018169272225350142,
      0.0019355438416823745,
      0.002020930638536811,
      0.0019472542917355895,
      0.0018958201399073005,
      0.001924639567732811,
      0.0020254773553460836,
      0.0018677159678190947,
      0.002060369588434696,
      0.00204479624517262,
      0.0018999732565134764,
      0.002041812287643552,
      0.002100307960063219,
      0.002030762378126383,
      0.0020836270414292812,
      0.0019522972870618105,
      0.002097692806273699,
      0.0025326653849333525,
      0.0021651838906109333,
      0.0020246447529643774,
      0.002055638935416937,
      0.0020029484294354916,
      0.0020503164269030094,
      0.0020166097674518824,
      0.001988349948078394,
      0.0020381235517561436,
      0.0022403665352612734,
      0.0021668418776243925,
      0.002554685343056917,
      0.0021690642461180687,
      0.002243321854621172,
      0.002237956738099456,
      0.002115390030667186,
      0.0022642218973487616,
      0.0022374819964170456,
      0.0021878336556255817,
      0.002250744728371501,
      0.0023403377272188663,
      0.002250649966299534,
      0.002332881558686495,
      0.0022100324276834726,
      0.0021676491014659405,
      0.002436997601762414,
      0.002787885023280978,
      0.0027050585485994816,
      0.0027544840704649687,
      0.0028212941251695156,
      0.0027526426129043102,
      0.0027145128697156906,
      0.00272738141939044,
      0.002739039482548833,
      0.0027540032751858234,
      0.0027183806523680687,
      0.0028218182269483805,
      0.0030158786103129387,
      0.0018681880319491029,
      0.0019418628653511405,
      0.0018311055609956384,
      0.0019106811378151178,
      0.0018996542785316706,
      0.0020377568434923887,
      0.0018217513570562005,
      0.001982730347663164,
      0.0017680937889963388,
      0.0017768216785043478,
      0.0018828976899385452,
      0.0017768687102943659,
      0.0018171260599046946,
      0.0018933048704639077,
      0.0019085556268692017,
      0.0017271271208301187,
      0.00199013645760715,
      0.0017878655344247818,
      0.001714508980512619,
      0.0018047994235530496,
      0.0017314240103587508,
      0.0016840838361531496,
      0.0016882658237591386,
      0.0017401073127985,
      0.0017563976580277085,
      0.0016103530069813132,
      0.0017454640474170446,
      0.0018216207390651107,
      0.0017688253428786993,
      0.0018537396099418402,
      0.002012204844504595,
      0.002015569480136037,
      0.0017807551193982363,
      0.0019455037545412779,
      0.0018464922904968262,
      0.0018559449817985296,
      0.0019274698570370674,
      0.001667862175963819,
      0.0016033363062888384,
      0.0016713812947273254,
      0.0017027152935042977,
      0.0017418584320694208,
      0.0015680236974731088,
      0.0015547961229458451,
      0.0017056831857189536,
      0.0015115989372134209,
      0.0016032068524509668,
      0.0015289767179638147,
      0.001706968410871923,
      0.0016246841987594962,
      0.0017001787200570107,
      0.0013713518856093287,
      0.001162454835139215,
      0.0011478574015200138,
      0.0013680823612958193,
      0.0011391483712941408,
      0.0012272146996110678,
      0.0011036243522539735,
      0.0010866852244362235,
      0.0010908781550824642,
      0.0011635059490799904,
      0.001048768637701869,
      0.0010313165839761496,
      0.0011174280662089586,
      0.0010212738998234272,
      0.001020822674036026,
      0.0011505846632644534,
      0.0010485651437193155,
      0.0010001268237829208,
      0.0012125603388994932,
      0.0009714734624139965,
      0.0010854073334485292,
      0.0010219344403594732,
      0.0010506522376090288,
      0.001030231942422688,
      0.0011424509575590491,
      0.0009434499079361558,
      0.001038815826177597,
      0.0010558449430391192,
      0.0010160660604014993,
      0.0010312364902347326,
      0.0010086367838084698,
      0.0009744601557031274,
      0.0009957272559404373,
      0.0010845528449863195,
      0.0010040804045274854,
      0.0010125937405973673,
      0.0010095554171130061,
      0.0009498718427494168,
      0.0010180126409977674,
      0.0009527528891339898,
      0.0008915237849578261,
      0.0009265210246667266,
      0.0009223601664416492,
      0.0008590938523411751,
      0.0009480221197009087,
      0.0007615172071382403,
      0.0007957750931382179,
      0.0008015724597498775,
      0.0008752249996177852,
      0.0010415243450552225,
      0.0007957021589390934,
      0.000912471383344382,
      0.0009002606384456158,
      0.0008358322083950043,
      0.0009270583977922797,
      0.0009679555078037083,
      0.0008547405595891178,
      0.0008532803622074425,
      0.0009664546814747155,
      0.0007986928103491664,
      0.0009069308871403337,
      0.0009607760002836585,
      0.0008273542625829577
    ],