{
  "dataset": "intel",
  "threshold": 0.021932391449809074,
  "n_normal_windows": 87,
  "n_attack_windows": 50,
  "auc_roc": 1.0,
  "accuracy": 0.9781,
  "precision": 1.0,
  "recall": 0.94,
  "f1": 0.9691,
  "confusion_matrix": {
    "TP": 47,
    "FP": 0,
    "TN": 87,
    "FN": 3
  },
  "error_samples": {
    "normal": [
      0.002401120960712433,
      0.002395786577835679,
      0.002397415693849325,
      0.0023984236177057028,
      0.00239856680855155,
      0.002398226410150528,
      0.00239964690990746,
      0.002403226913884282,
      0.0024031340144574642,
      0.0024052276276052,
      0.002403145655989647,
      0.002403188031166792,
      0.0024019174743443727,
      0.002402537502348423,
      0.0024040781427174807,
      0.002403943333774805,
      0.0024041365832090378,
      0.0024047368206083775,
      0.0024045894388109446,
      0.0024042914155870676,
      0.00240444322116673,
      0.0024067701306194067,
      0.0024063203018158674,
      0.0024057351984083652,
      0.0024009307380765676,
      0.002398309065029025,
      0.002399538643658161,
      0.0023990392219275236,
      0.0023991113994270563,
      0.002396061085164547,
      0.0023974862415343523,
      0.002397822914645076,
      0.002396621275693178,
      0.0023964333813637495,
      0.002397920936346054,
      0.002396521857008338,
      0.0023982988204807043,
      0.0023975702933967113,
      0.0023930591996759176,
      0.0023934233468025923,
      0.0023950873874127865,
      0.0023943001870065928,
      0.002394596580415964,
      0.002392868045717478,
      0.0023946028668433428,
      0.002393066417425871,
      0.002393615897744894,
      0.0023930841125547886,
      0.00239547248929739,
      0.0023941327817738056,
      0.0023975486401468515,
      0.0023984604049474,
      0.002395481104031205,
      0.0023956703953444958,
      0.00239391578361392,
      0.00239711650647223,
      0.0023955488577485085,
      0.002396706026047468,
      0.002396985422819853,
      0.0023974888026714325,
      0.0023989349137991667,
      0.0023978010285645723,
      0.0023985637817531824,
      0.0023978075478225946,
      0.0023953088093549013,
      0.002396755386143923,
      0.0023943916894495487,
      0.0023959041573107243,
      0.0023927006404846907,
      0.0023921902757138014,
      0.002390037290751934,
      0.0023880954831838608,
      0.002387181855738163,
      0.0023881057277321815,
      0.0023899709340184927,
      0.0023889392614364624,
      0.002391375135630369,
      0.002390034729614854,
      0.002389495261013508,
      0.0023900573141872883,
      0.002391398884356022,
      0.002389004221186042,
      0.0023880277294665575,
      0.0023881259839981794,
      0.0023909155279397964,
      0.0023894698824733496,
      0.002387672895565629
    ],
    "attack": [
      0.008108770474791527,
      0.013969293795526028,
      0.019914375618100166,
      0.025635257363319397,
      0.031211061403155327,
      0.036384936422109604,
      0.04139077663421631,
      0.04642307385802269,
      0.05103513225913048,
      0.05344314128160477,
      0.055837053805589676,
      0.05821952968835831,
      0.06064397469162941,
      0.0630301684141159,
      0.06553714722394943,
      0.06800487637519836,
      0.07055024802684784,
      0.0731971487402916,
      0.07569526880979538,
      0.07825300842523575,
      0.08090735226869583,
      0.08353486657142639,
      0.08614390343427658,
      0.08869831264019012,
      0.09124656766653061,
      0.09371344745159149,
      0.09613938629627228,
      0.09865637868642807,
      0.10118291527032852,
      0.10377871990203857,
      0.10642869025468826,
      0.10909608006477356,
      0.11179621517658234,
      0.11446499824523926,
      0.11705240607261658,
      0.11959923058748245,
      0.12221848219633102,
      0.12488463521003723,
      0.12757471203804016,
      0.1304127424955368,
      0.13325637578964233,
      0.13593579828739166,
      0.13871759176254272,
      0.1409396529197693,
      0.14366547763347626,
      0.14643263816833496,
      0.1491563767194748,
      0.1518154740333557,
      0.15453048050403595,
      0.1573021411895752
    ]
  },
  "per_attack": [],
  "elapsed_sec": 0.06
}